2022-09-09,106.64,106.64,84.64,99.64,223800,2125082758.0
2022-09-13,98.54,111.49,97.7,108.95,116483,1225240753.0
2022-09-14,107.15,126.3,106.64,123.64,73450,839121676.0
2022-09-15,123.44,125.19,113.6,119.49,69579,828324016.0
2022-09-16,120.85,125.13,115.9,119.49,40766,491857277.0
2022-09-19,117.8,118.64,100.72,100.72,59304,641047775.0
2022-09-20,101.94,108.44,100.64,102.8,29457,307878097.0
2022-09-21,101.54,105.82,99.25,103.24,22199,228512389.0
2022-09-22,104.64,107.12,101.24,101.74,15483,161036127.0
2022-09-23,99.14,102.51,93.87,97.04,23340,229144282.0
2022-09-26,97.04,106.64,95.76,102.3,20304,209590848.0
2022-09-27,103.0,122.83,103.0,122.83,39891,453280990.0
2022-09-28,126.64,127.14,110.26,112.53,43361,510478453.0
2022-09-29,113.43,121.76,110.67,118.62,38693,455511985.0
2022-09-30,117.24,122.14,106.65,106.74,29769,338704120.0
2022-10-10,107.5,117.44,107.5,108.64,20925,235177822.0
2022-10-11,110.52,113.35,104.34,105.69,15592,168863138.0
2022-10-12,106.84,108.18,99.63,106.19,15757,164410670.0
2022-10-13,106.84,115.34,103.65,113.24,17153,191747371.0
2022-10-14,113.25,133.89,111.93,128.5,39962,500337899.0
2022-10-17,128.53,136.52,125.75,128.19,40154,527986317.0
2022-10-18,129.44,135.28,125.64,132.55,25342,333974422.0
2022-10-19,130.75,139.2,126.74,130.98,23140,305200621.0
2022-10-20,128.64,129.54,116.65,119.82,36735,448610003.0
2022-10-21,119.64,124.24,119.22,122.15,21620,264668988.0
2022-10-24,122.89,132.67,122.89,127.15,25627,331644421.0
2022-10-25,126.3,130.32,121.84,123.75,19441,243111699.0
2022-10-26,125.34,133.63,122.94,131.47,26076,339418862.0
2022-10-27,130.65,131.64,126.04,126.42,21444,276137903.0
2022-10-28,125.67,127.34,121.14,122.64,17578,217619269.0
2022-10-31,123.44,134.59,121.55,134.42,29724,386938971.0
2022-11-01,132.62,138.44,129.66,136.62,20636,275505504.0
2022-11-02,134.64,148.48,131.75,140.14,22718,320214210.0
2022-11-03,138.64,144.44,136.14,140.26,14636,205674556.0
2022-11-04,140.41,141.52,133.42,135.34,23653,322412705.0
2022-11-07,137.64,137.64,129.65,133.44,16167,214845948.0
2022-11-08,132.65,133.04,128.14,131.49,11878,155094887.0
2022-11-09,131.21,134.64,129.95,134.42,14509,193546703.0
2022-11-10,132.85,134.64,121.34,121.64,25920,328695710.0
2022-11-11,124.64,128.33,119.84,121.62,23768,297298425.0
2022-11-14,122.09,126.84,117.3,126.64,17708,218613757.0
2022-11-15,125.8,129.64,120.64,129.46,15136,191135684.0
2022-11-16,128.52,128.56,120.94,122.69,13595,169250544.0
2022-11-17,120.64,123.83,119.65,120.65,9123,110779584.0
2022-11-18,121.94,125.14,121.04,121.99,11774,146269707.0
2022-11-21,121.64,128.44,120.33,126.99,11084,139057030.0
2022-11-22,127.32,128.3,121.72,123.1,6868,85920585.0
2022-11-23,124.19,124.19,114.98,116.79,14422,170262939.0
2022-11-24,118.59,121.22,116.83,119.64,7424,89207137.0
2022-11-25,119.86,120.24,114.24,114.64,6850,79622150.0
2022-11-28,113.86,114.56,111.14,113.5,6551,74017027.0
2022-11-29,113.55,114.44,111.29,113.52,9175,103811589.0
2022-11-30,113.64,114.1,109.63,109.89,7400,82630495.0
2022-12-01,110.63,113.3,108.9,112.27,8010,89628630.0
2022-12-02,112.34,117.51,112.02,116.21,8788,102112822.0
2022-12-05,114.64,114.65,108.08,110.16,22336,246665567.0
2022-12-06,109.65,111.07,108.14,110.16,6716,73574477.0
2022-12-07,110.14,116.34,108.49,115.67,13146,150461306.0
2022-12-08,115.35,117.15,113.64,113.95,6586,76213054.0
2022-12-09,113.95,117.47,109.64,110.15,8489,95885796.0
2022-12-12,109.14,111.5,108.14,109.49,6362,69790109.0
2022-12-13,108.66,112.1,107.85,108.88,5570,61174458.0
2022-12-14,107.64,109.63,106.14,106.14,5409,58302807.0
2022-12-15,106.14,108.15,104.64,105.54,4059,43093136.0
2022-12-16,105.12,106.14,101.42,101.83,7255,74859840.0
2022-12-19,101.83,103.54,99.4,101.32,5890,59782331.0
2022-12-20,101.32,102.11,99.14,99.92,2800,28075243.0
2022-12-21,99.64,105.64,99.64,103.23,8512,88756447.0
2022-12-22,103.66,105.19,101.22,102.3,4829,49811062.0
2022-12-23,102.43,106.61,101.64,105.16,7594,80232432.0
2022-12-26,106.54,112.41,105.34,111.52,10454,114810628.0
2022-12-27,111.52,114.64,109.64,111.53,5538,61839899.0
2022-12-28,109.05,114.61,109.05,112.84,9051,102360539.0
2022-12-29,111.64,111.64,108.64,108.99,4464,49334960.0
2022-12-30,108.99,111.14,108.01,110.75,4926,54241797.0
2023-01-03,110.75,114.64,108.54,113.09,8068,90598902.0
2023-01-04,113.23,113.55,109.24,109.55,5020,55603715.0
2023-01-05,108.64,114.62,107.63,109.24,12829,142346345.0
2023-01-06,112.28,112.28,103.14,104.44,14314,151925964.0
2023-01-09,104.78,106.36,102.64,104.74,8673,91013287.0
2023-01-10,103.88,105.14,101.98,104.43,9095,94371916.0
2023-01-11,104.62,107.0,103.14,104.14,7310,77018179.0
2023-01-12,103.14,106.64,103.14,104.3,4707,49660536.0
2023-01-13,103.82,105.63,103.65,104.9,5891,61848807.0
2023-01-16,104.9,115.28,104.89,112.81,14429,162749869.0
2023-01-17,115.22,118.19,111.64,116.14,15524,180200706.0
2023-01-18,115.4,117.64,114.29,114.63,4094,47354888.0
2023-01-19,114.14,119.6,113.68,118.04,7687,90601374.0
2023-01-20,119.51,120.92,117.75,119.82,7345,88161183.0
2023-01-30,120.94,123.64,115.82,117.86,12041,143803887.0
2023-01-31,116.46,117.14,111.24,111.97,16788,190096825.0
2023-02-01,111.44,115.59,111.01,114.94,10919,123699324.0
2023-02-02,114.53,122.14,114.53,117.76,12286,145828384.0
2023-02-03,117.08,119.14,116.31,116.9,7142,83940856.0
2023-02-06,117.22,118.33,113.22,113.6,5968,68957032.0
2023-02-07,114.63,116.01,112.22,112.99,7758,88572078.0
2023-02-08,113.36,116.97,112.35,113.15,12337,140644757.0
2023-02-09,114.6,115.04,111.34,114.2,6942,78873953.0
2023-02-10,114.41,121.0,114.41,118.35,17891,212763915.0
2023-02-13,118.17,121.17,115.2,116.34,9409,110590751.0
2023-02-14,116.33,117.44,114.14,114.93,4474,51672815.0
2023-02-15,115.57,115.57,111.76,112.55,7130,80655214.0
2023-02-16,112.55,112.59,108.45,108.84,11775,130073173.0
2023-02-17,107.64,109.84,107.64,107.64,5552,60412335.0
2023-02-20,107.65,108.95,103.54,108.14,11588,122888794.0
2023-02-21,107.94,107.94,103.01,104.64,17751,185581421.0
2023-02-22,103.19,108.43,102.39,107.37,18095,193104871.0
2023-02-23,106.49,110.24,106.14,106.73,8579,93169931.0
2023-02-24,107.64,108.19,103.24,104.14,10055,105557830.0
2023-02-27,103.14,105.6,102.52,102.61,7395,77011829.0
2023-02-28,101.95,103.99,101.95,103.58,5132,53156673.0
2023-03-01,103.59,103.59,100.41,101.94,8412,85568161.0
2023-03-02,101.93,103.82,101.54,101.9,5757,59316789.0
2023-03-03,101.55,105.44,101.55,103.46,10047,104562285.0
2023-03-06,103.93,104.19,101.74,103.28,6595,68041941.0
2023-03-07,103.59,103.84,100.26,100.48,6158,62946395.0
2023-03-08,99.83,100.44,97.82,99.65,7103,70675873.0
2023-03-09,98.77,100.41,97.16,98.21,16111,158950087.0
2023-03-10,97.64,98.99,96.09,97.66,12075,118260582.0
2023-03-13,96.96,98.22,93.14,94.34,14494,137760294.0
2023-03-14,94.77,97.3,93.44,94.82,10545,101075009.0
2023-03-15,94.84,97.54,94.51,95.33,8206,79040788.0
2023-03-16,94.16,94.63,91.07,91.7,14330,132943270.0
2023-03-17,91.73,93.62,88.34,88.34,16877,152491594.0
2023-03-20,88.22,90.32,87.64,88.62,11053,98497310.0
2023-03-21,88.65,91.01,87.79,90.87,8373,75683980.0
2023-03-22,90.44,93.54,90.25,92.63,10830,100104251.0
2023-03-23,91.9,93.43,89.31,89.59,12427,113035180.0
2023-03-24,89.84,91.82,88.04,88.51,14843,133314849.0
2023-03-27,88.2,104.63,87.32,99.69,48423,474430405.0
2023-03-28,97.64,99.44,93.03,94.53,27692,266789424.0
2023-03-29,94.44,94.62,91.02,92.41,17258,160473432.0
2023-03-30,93.2,95.52,91.84,93.13,13675,128399780.0
2023-03-31,93.63,96.63,93.63,94.74,13497,128233603.0
2023-04-03,94.74,98.63,92.64,96.86,22520,216910251.0
2023-04-04,96.34,98.78,93.87,94.74,16258,156660960.0
2023-04-06,94.14,95.79,91.92,92.64,17845,167397191.0
2023-04-07,92.25,95.57,92.08,94.65,16708,158013458.0
2023-04-10,94.61,97.3,92.34,92.94,16924,160280359.0
2023-04-11,92.94,93.62,90.94,92.77,14807,136873450.0
2023-04-12,92.96,93.22,91.29,92.49,9872,91262345.0
2023-04-13,91.94,97.34,91.66,95.64,25154,241418496.0
2023-04-14,95.16,97.52,93.14,94.39,15192,144464026.0
2023-04-17,94.29,94.29,92.29,93.01,9407,87882941.0
2023-04-18,93.14,93.14,91.5,91.88,9780,90328827.0
2023-04-19,91.73,92.5,89.74,90.04,11581,105152911.0
2023-04-20,90.04,90.86,89.16,89.64,6692,60354567.0
2023-04-21,89.75,89.98,85.65,85.65,12469,109627725.0
2023-04-24,85.74,88.57,85.22,86.43,12477,108870673.0
2023-04-25,83.64,83.64,71.05,76.64,44316,336152449.0
2023-04-26,77.11,80.57,75.1,79.24,16428,130056168.0
2023-04-27,78.53,81.41,77.64,78.09,7375,58151643.0
2023-04-28,78.13,81.22,78.13,79.78,6644,53362951.0
2023-05-04,79.03,81.74,78.32,81.35,9441,76030496.0
2023-05-05,80.69,85.64,80.45,84.64,10946,91679086.0
2023-05-08,84.64,85.62,80.97,81.19,9406,77826477.0
2023-05-09,81.14,82.64,80.25,80.26,4116,33639885.0
2023-05-10,80.26,82.84,79.41,81.97,5810,47601422.0
2023-05-11,81.97,82.65,79.88,80.52,2852,23155320.0
2023-05-12,79.84,80.13,77.45,77.45,4549,35934948.0
2023-05-15,78.64,78.64,74.55,75.92,12765,97083425.0
2023-05-16,76.44,76.44,74.3,74.69,5991,45188149.0
2023-05-17,74.65,76.64,74.63,76.27,3803,28976612.0
2023-05-18,77.2,77.2,72.44,72.78,10225,75448016.0
2023-05-19,72.78,74.02,72.03,73.04,8424,61860552.0
2023-05-22,73.11,74.92,72.66,73.85,6723,49914690.0
2023-05-23,74.24,74.51,72.11,73.22,7542,55561929.0
2023-05-24,73.22,75.44,72.36,74.84,8883,66256116.0
2023-05-25,75.63,80.64,74.94,78.34,15355,120802167.0
2023-05-26,78.44,78.52,73.86,77.79,11949,91492230.0
2023-05-29,79.18,86.86,79.03,83.97,31220,264128713.0
2023-05-30,83.64,85.64,82.74,85.24,9550,80992680.0
2023-05-31,85.64,87.54,84.15,87.01,9326,80858860.0
2023-06-01,86.31,88.34,84.69,87.52,11076,96738971.0
2023-06-02,87.31,89.33,86.64,88.64,7581,67263856.0
2023-06-05,87.24,91.64,87.24,90.87,13507,122779385.0
2023-06-06,90.68,91.03,84.64,86.29,16701,145226473.0
2023-06-07,86.08,86.64,83.65,86.39,13082,111776841.0
2023-06-08,86.4,89.61,84.7,87.73,19005,166972917.0
2023-06-09,87.61,93.84,87.4,88.28,34818,316600530.0
2023-06-12,88.63,89.95,85.64,88.94,18875,166013029.0
2023-06-13,89.64,91.14,87.52,90.34,8445,76037836.0
2023-06-14,90.83,91.44,88.52,90.94,6312,57356712.0
2023-06-15,90.48,91.39,87.64,89.12,4194,37470722.0
2023-06-16,89.13,89.34,86.78,87.43,4415,38816343.0
2023-06-19,87.59,88.52,85.64,86.52,5982,52159469.0
2023-06-20,86.53,88.63,85.77,86.36,6627,57904619.0
2023-06-21,87.14,88.23,85.76,86.73,7076,61844215.0
2023-06-26,86.33,92.32,84.64,90.13,12274,111351233.0
2023-06-27,90.26,91.54,85.19,85.2,10272,90608053.0
2023-06-28,85.2,88.61,84.32,88.43,6546,57305309.0
2023-06-29,88.43,89.54,86.92,87.97,3139,27847504.0
2023-06-30,88.24,88.57,85.09,86.2,4702,40662915.0
2023-07-03,85.82,88.13,85.82,87.74,3452,30235996.0
2023-07-04,87.84,93.08,86.72,92.52,13479,123888104.0
2023-07-05,92.28,93.14,88.81,89.42,7249,65485872.0
2023-07-06,89.59,91.17,88.79,89.99,3990,36125722.0
2023-07-07,90.54,91.92,89.65,90.28,3061,27967102.0
2023-07-10,90.28,91.02,88.72,89.8,2954,26449221.0
2023-07-11,89.23,91.65,88.21,90.9,2674,24113943.0
2023-07-12,91.74,91.75,89.39,90.7,2525,22835297.0
2023-07-13,90.7,94.8,90.0,93.0,6484,60314622.0
2023-07-14,92.35,98.0,92.15,97.0,11237,108572231.0
2023-07-17,96.0,96.0,91.38,94.05,8006,74792562.0
2023-07-18,93.7,95.33,92.48,94.82,4530,42694698.0
2023-07-19,94.01,95.28,90.68,91.54,4082,37777611.0
2023-07-20,92.36,94.37,90.9,93.13,4183,38857642.0
2023-07-21,93.13,95.14,91.62,94.57,5004,47063881.0
2023-07-24,94.49,96.27,90.0,91.0,8048,73800874.0
2023-07-25,91.9,92.18,87.88,88.55,7504,66901811.0
2023-07-26,88.99,89.42,87.89,88.87,2736,24231801.0
2023-07-27,89.35,90.58,87.02,88.98,5337,47426843.0
2023-07-28,88.6,89.52,87.72,88.66,2032,18023150.0
2023-07-31,89.32,89.96,86.55,87.34,5312,46692993.0
2023-08-01,87.0,89.3,86.8,88.21,2730,24004376.0
2023-08-02,88.0,88.75,87.48,88.13,1704,14995897.0
2023-08-03,88.31,92.49,87.9,92.0,7867,71500066.0
2023-08-04,91.68,93.35,91.26,91.46,2811,25930950.0
2023-08-07,91.54,92.33,88.03,88.38,3468,30886811.0
2023-08-08,88.76,89.39,87.6,87.67,2307,20356522.0
2023-08-09,87.01,89.78,85.46,87.7,4569,39876462.0
2023-08-10,87.65,87.99,85.96,86.17,2362,20422976.0
2023-08-11,87.69,90.44,86.5,86.55,6836,59922193.0
2023-08-14,86.28,86.87,81.52,82.82,7662,63705252.0
2023-08-15,82.99,84.17,82.1,83.79,2358,19623985.0
2023-08-16,83.0,84.84,82.8,83.15,2050,17178637.0
2023-08-17,83.0,83.15,80.8,81.75,2884,23615388.0
2023-08-18,82.75,83.11,79.78,80.08,4241,34371902.0
2023-08-21,80.07,81.49,79.85,80.81,2723,22058262.0
2023-08-22,81.6,81.94,78.8,80.0,3530,28182137.0
2023-08-23,79.99,80.9,77.8,78.19,2994,23777534.0
2023-08-24,78.5,79.36,76.87,77.0,4412,34393649.0
2023-08-25,76.58,79.62,76.58,77.33,3548,27679913.0
2023-08-28,82.44,82.99,78.69,79.13,5809,46906692.0
2023-08-29,78.03,80.39,77.61,79.98,6273,49496761.0
2023-08-30,80.97,81.18,78.79,80.22,4270,34297998.0
2023-08-31,79.16,80.55,77.5,79.16,4275,33673070.0
2023-09-01,78.5,79.31,77.88,78.27,2266,17786417.0
2023-09-04,77.9,78.54,77.78,78.25,2546,19888418.0
2023-09-05,77.81,78.5,76.88,76.88,2524,19550058.0
2023-09-06,76.5,76.89,74.0,74.21,5100,38011899.0
2023-09-07,74.2,75.09,71.52,71.62,5542,40354945.0
2023-09-08,71.55,72.2,71.12,71.12,4012,28687608.0
2023-09-11,64.3,71.0,64.25,68.04,89521,608458205.0
2023-09-12,68.55,71.29,68.04,68.78,46233,323721945.0
2023-09-13,68.02,70.14,67.2,67.69,17188,117613182.0
2023-09-14,67.7,70.27,67.03,69.71,30884,214264059.0
2023-09-15,69.71,71.22,69.11,69.81,34506,240932344.0
2023-09-18,69.5,72.89,69.43,71.07,34482,246933037.0
2023-09-19,71.0,71.28,68.4,68.75,15121,104630354.0
2023-09-20,68.46,69.03,66.66,66.8,11256,75916454.0
2023-09-21,66.52,66.67,65.15,65.94,9606,63318987.0
2023-09-22,66.01,68.69,65.72,68.48,16745,113124580.0
2023-09-25,67.71,70.0,67.55,69.75,30333,209608787.0
2023-09-26,69.02,70.52,68.01,69.62,20049,140021510.0
2023-09-27,70.99,75.66,70.51,74.53,76671,566877691.0
2023-09-28,75.23,75.79,73.5,74.88,35418,265044882.0
2023-10-09,74.42,75.56,71.89,74.6,24415,180406405.0
2023-10-10,74.46,75.62,73.06,75.0,22501,168235525.0
2023-10-11,75.62,77.5,74.38,76.93,23120,176989673.0
2023-10-12,77.0,80.79,76.8,80.28,31897,253052266.0
2023-10-13,78.77,80.02,77.22,78.75,27294,212982255.0
2023-10-16,78.72,78.73,76.48,77.85,7782,60239374.0
2023-10-17,78.37,78.37,76.61,77.57,8148,62958043.0
2023-10-18,77.0,79.0,76.1,78.0,9303,72153648.0
2023-10-19,77.95,78.15,76.2,77.84,13686,105577596.0
2023-10-20,79.0,79.38,76.6,78.65,11908,92895268.0
2023-10-23,78.65,78.65,75.0,76.3,10829,82727617.0
2023-10-24,77.46,80.57,75.5,79.8,16278,128358865.0
2023-10-25,79.03,80.58,78.11,80.0,11312,90264068.0
2023-10-26,79.42,80.8,78.48,80.22,13422,107361610.0
2023-10-27,80.6,83.2,79.18,81.7,15723,128083591.0
2023-10-30,80.92,81.88,79.5,80.76,17692,143364784.0
2023-10-31,80.76,84.0,79.31,82.54,28996,239024541.0
2023-11-01,82.44,82.65,77.63,80.15,24389,194190487.0
2023-11-02,79.85,79.99,77.75,78.43,15654,123303250.0
2023-11-03,78.19,81.0,77.68,80.01,20338,162106448.0
2023-11-06,80.1,83.5,80.1,82.79,22427,185688331.0
2023-11-07,82.74,85.66,82.74,84.95,28134,237799449.0
2023-11-08,84.36,86.25,83.14,83.85,17942,152717009.0
2023-11-09,84.84,84.9,83.13,83.74,15570,131087107.0
2023-11-10,84.68,84.68,82.52,83.25,7221,59964345.0
2023-11-13,82.95,83.64,80.11,81.91,15874,129106109.0
2023-11-14,82.3,84.64,80.36,84.52,24352,201994837.0
2023-11-15,83.97,85.4,83.63,83.78,12779,108144452.0
2023-11-16,83.48,85.8,83.24,85.47,11866,100637733.0
2023-11-17,85.02,87.48,84.0,87.3,14059,120468116.0
2023-11-20,86.78,89.21,85.5,88.91,17469,153833844.0
2023-11-21,87.95,90.2,86.81,88.4,19866,175464064.0
2023-11-22,89.0,91.86,87.45,91.01,19702,178980379.0
2023-11-23,91.01,93.25,89.95,93.0,20740,190062749.0
2023-11-24,93.1,93.35,91.43,92.49,16213,150495974.0
2023-11-27,92.99,95.69,92.6,94.46,42748,402805079.0
2023-11-28,94.39,99.58,92.65,92.98,48250,467836646.0
2023-11-29,93.69,97.98,93.0,95.27,52810,507522273.0
2023-11-30,96.37,96.65,93.78,94.29,42996,408348283.0
2023-12-01,94.4,95.38,92.0,94.0,46447,435090842.0
2023-12-04,93.34,98.05,93.33,97.78,39899,384784699.0
2023-12-05,97.5,101.43,95.88,99.5,42309,421954067.0
2023-12-06,100.22,104.23,99.0,100.81,44270,451018161.0
2023-12-07,101.2,106.68,96.68,97.69,87563,872930697.0
2023-12-08,96.9,100.52,94.83,94.83,117870,1152106829.0
2023-12-11,94.8,97.09,94.2,94.66,50791,485046853.0
2023-12-12,94.3,95.48,90.18,90.82,50878,466795649.0
2023-12-13,90.92,91.2,88.68,89.27,35062,313713459.0
2023-12-14,89.32,90.98,88.47,88.7,22341,199130436.0
2023-12-15,88.66,90.35,87.53,87.57,22514,199091490.0
2023-12-18,87.27,89.98,86.67,87.26,19758,173857496.0
2023-12-19,86.8,88.24,85.45,86.16,24141,208223115.0
2023-12-20,85.81,87.02,84.68,85.28,19525,166844757.0
2023-12-21,84.26,86.17,84.26,85.15,27652,236609962.0
2023-12-22,84.93,86.17,84.66,85.14,20656,176497506.0
2023-12-25,85.47,86.77,84.97,85.35,23450,201048619.0
2023-12-26,85.4,86.87,85.0,85.32,17506,150429269.0
2023-12-27,85.44,86.32,84.0,84.6,20458,173700389.0
2023-12-28,85.29,87.25,83.58,85.5,19655,168889459.0
2023-12-29,85.62,87.87,84.88,86.02,15757,136585204.0
2024-01-02,86.66,87.86,85.36,87.01,16368,142260897.0
2024-01-03,87.43,87.71,86.12,86.77,11231,97738089.0
2024-01-04,87.38,87.38,83.95,85.55,13489,114840279.0
2024-01-05,84.99,85.64,81.0,81.93,26386,216953696.0
2024-01-08,82.05,82.11,79.87,79.99,13657,110525896.0
2024-01-09,79.79,81.75,78.01,80.25,14783,118644462.0
2024-01-10,80.0,80.42,78.35,78.84,8569,68001604.0
2024-01-11,78.65,79.24,77.9,78.56,12183,95561518.0
2024-01-12,78.16,84.04,78.05,84.04,26028,212122786.0
2024-01-15,83.03,83.2,79.38,81.67,19994,162498667.0
2024-01-16,82.59,83.68,80.74,83.09,14761,121681623.0
2024-01-17,83.9,83.9,78.0,78.0,13870,110797352.0
2024-01-18,78.0,79.87,76.45,78.0,13984,108527032.0
2024-01-19,78.23,81.16,78.0,80.08,12303,98946515.0
2024-01-22,79.21,80.48,73.95,74.0,17285,131669016.0
2024-01-23,73.12,79.24,73.12,78.0,18006,138352573.0
2024-01-24,77.7,79.44,75.96,78.0,12615,97316897.0
2024-01-25,77.95,81.66,77.09,81.15,13029,104234813.0
2024-01-26,80.84,81.65,65.79,76.8,49416,358527551.0
2024-01-29,71.99,71.99,65.8,67.32,54993,375884418.0
2024-01-30,67.32,69.7,65.82,66.85,20607,139529518.0
2024-01-31,66.48,71.59,66.0,68.74,27289,187788910.0
2024-02-01,68.38,70.88,66.85,68.46,19230,132777827.0
2024-02-02,68.95,70.7,64.65,66.44,27688,186613043.0
2024-02-05,66.64,67.24,60.21,63.51,34581,217807057.0
2024-02-06,63.51,69.6,60.0,68.0,43625,280979415.0
2024-02-07,77.0,79.85,69.88,79.85,51720,388344150.0
2024-02-08,79.13,82.78,72.0,74.09,49139,382268356.0
2024-02-19,75.62,75.62,71.2,72.12,31993,232058017.0
2024-02-20,71.47,73.1,69.37,69.76,27488,193697575.0
2024-02-21,69.66,74.76,67.5,72.5,26296,189161286.0
2024-02-22,71.87,72.83,70.18,71.8,18871,134464559.0
2024-02-23,71.75,73.7,71.45,73.46,17429,126413604.0
2024-02-26,73.37,74.26,70.37,71.58,19587,140638683.0
2024-02-27,71.11,71.72,69.51,71.65,23612,166507580.0
2024-02-28,72.14,73.89,70.51,70.97,32462,234468862.0
2024-02-29,69.53,72.33,69.28,71.52,42214,300454313.0
2024-03-01,71.38,71.38,68.22,68.96,32127,222026826.0
2024-03-04,68.84,70.98,68.33,70.15,26626,186439741.0
2024-03-05,69.86,71.0,68.76,70.58,18993,133336292.0
2024-03-06,70.58,74.43,69.79,71.73,23786,171566601.0
2024-03-07,71.0,72.43,69.88,70.7,19103,135543681.0
2024-03-08,70.01,71.49,68.1,69.03,19873,137101988.0
2024-03-11,68.26,70.54,68.26,70.1,13349,92630407.0
2024-03-12,70.15,70.8,69.27,70.63,14045,98384665.0
2024-03-13,70.65,71.36,69.61,70.49,11236,78980465.0
2024-03-14,72.0,72.77,68.23,68.42,14416,100587201.0
2024-03-15,68.0,68.99,67.53,68.42,15609,106437769.0
2024-03-18,68.38,68.97,67.67,68.84,11606,79320746.0
2024-03-19,68.68,69.68,67.55,67.55,10229,69798211.0
2024-03-20,67.36,67.9,66.15,67.28,13983,93501918.0
2024-03-21,66.96,67.26,64.39,64.51,18582,121249046.0
2024-03-22,64.19,65.3,62.16,62.48,16237,102993834.0
2024-03-25,62.48,62.97,60.42,60.52,13939,85445549.0
2024-03-26,60.75,61.64,60.0,60.58,14084,85608418.0
2024-03-27,60.58,61.0,58.14,58.21,15530,91553159.0
2024-03-28,58.19,59.86,57.81,59.4,12791,75622959.0
2024-03-29,59.13,59.68,58.82,59.14,7181,42472275.0
2024-04-01,59.14,60.06,58.58,59.32,12919,76614346.0
2024-04-02,59.59,59.59,58.58,59.18,11949,70583408.0
2024-04-03,59.18,59.36,58.68,58.97,6403,37749126.0
2024-04-08,58.0,58.62,56.27,56.36,11800,67639431.0
2024-04-09,56.02,58.6,56.01,58.51,14395,83073183.0
2024-04-10,58.5,58.5,57.08,57.58,9393,54263640.0
2024-04-11,57.68,57.81,56.17,56.3,7896,44755424.0
2024-04-12,56.17,56.55,53.8,54.09,19218,105266939.0
2024-04-15,53.9,55.34,52.82,54.39,18992,103038717.0
2024-04-16,54.3,54.81,53.13,53.6,14949,80757902.0
2024-04-17,54.01,55.2,53.6,53.9,13390,72544386.0
2024-04-18,54.02,54.98,52.5,53.0,12800,68607629.0
2024-04-19,53.33,53.33,51.7,51.82,9352,49065396.0
2024-04-22,52.24,54.49,51.05,52.63,18082,95973363.0
2024-04-23,52.61,54.44,52.2,53.56,12555,66753040.0
2024-04-24,53.56,55.09,52.62,53.96,12530,67866752.0
2024-04-25,53.44,55.18,53.03,53.31,11011,59433864.0
2024-04-26,51.99,53.21,50.3,52.4,27801,144368120.0
2024-04-29,52.06,57.58,52.06,57.44,32009,178922743.0
2024-04-30,57.44,58.82,56.33,58.2,22939,132124018.0
2024-05-06,59.86,60.09,57.2,57.33,24234,141069805.0
2024-05-07,57.44,58.19,56.53,57.7,20719,118908324.0
2024-05-08,60.0,61.52,58.8,59.8,36745,220311452.0
2024-05-09,60.15,63.15,60.15,61.51,29410,181606691.0
2024-05-10,61.49,61.98,58.92,59.0,17756,106459032.0
2024-05-13,58.9,59.94,56.5,56.91,22554,130067025.0
2024-05-14,57.59,57.81,56.04,57.27,17537,99838303.0
2024-05-15,56.6,57.27,55.5,56.0,12238,68774187.0
2024-05-16,56.16,58.0,55.85,56.69,15325,87557034.0
2024-05-17,56.99,57.48,54.84,55.74,14774,82499832.0
2024-05-20,55.94,57.19,55.26,56.15,10762,60627297.0
2024-05-21,56.05,57.47,55.27,55.52,13655,76481974.0
2024-05-22,55.52,55.78,54.42,55.16,11934,65632353.0
2024-05-23,54.93,55.39,53.0,53.34,13224,71037968.0
2024-05-24,53.35,53.9,52.49,52.66,8460,44861596.0
2024-05-27,53.29,53.35,51.6,52.85,12754,66957570.0
2024-05-28,53.23,53.39,52.11,52.62,9961,52482323.0
2024-05-29,52.07,53.23,51.0,51.18,13542,70199868.0
2024-05-30,51.18,51.58,49.47,50.0,26945,135166585.0
2024-05-31,50.25,51.29,49.11,50.17,28670,143350870.0
2024-06-03,50.3,50.79,49.53,50.51,21389,107176255.0
2024-06-04,50.48,51.44,50.15,50.86,12452,63210665.0
2024-06-05,50.73,51.66,50.39,51.23,12940,66305413.0
2024-06-06,50.87,51.64,49.1,49.1,14254,70923970.0
2024-06-07,49.42,49.87,46.77,47.92,23354,112636531.0
2024-06-11,48.0,49.98,47.07,49.64,22028,107691641.0
2024-06-12,50.6,53.24,50.16,52.8,39055,203513611.0
2024-06-13,53.21,53.21,51.09,52.31,21823,113409488.0
2024-06-14,52.12,52.43,50.45,51.59,26232,134750029.0
2024-06-17,51.69,51.92,50.91,51.14,11229,57693067.0
2024-06-18,51.5,51.8,50.7,50.78,12394,63414177.0
2024-06-19,50.5,51.25,50.16,50.87,12383,62741606.0
2024-06-20,50.65,51.93,50.65,51.36,12779,65640106.0
2024-06-21,51.3,52.25,50.91,51.19,10737,55356123.0
2024-06-24,51.2,51.2,49.41,49.68,12293,61568147.0
2024-06-25,50.01,50.49,49.34,49.74,11049,55187924.0
2024-06-26,49.31,50.98,48.86,50.06,10527,52502597.0
2024-06-27,50.12,50.25,49.02,49.49,8273,41081909.0
2024-06-28,49.05,50.44,47.07,47.41,14304,69880851.0
2024-07-01,47.05,48.5,45.71,47.93,11818,55766616.0
2024-07-02,47.99,47.99,46.92,47.23,12750,60365442.0
2024-07-03,46.82,47.58,45.54,45.57,12886,59931927.0
2024-07-04,45.58,45.88,43.45,43.72,18590,82389841.0
2024-07-05,43.72,45.69,43.3,45.5,15518,69196118.0
2024-07-08,45.09,45.71,43.05,43.44,14486,63626854.0
2024-07-09,43.37,43.62,41.89,42.6,21567,91688335.0
2024-07-10,42.3,44.69,42.11,43.71,20654,90464138.0
2024-07-11,44.1,45.31,43.93,44.69,10182,45574214.0
2024-07-12,44.9,45.67,44.53,44.84,8563,38610733.0
2024-07-15,44.55,44.99,43.41,43.56,7245,32019864.0
2024-07-16,43.9,44.12,42.81,43.11,12065,52194936.0
2024-07-17,43.17,44.37,42.71,43.62,11373,49553800.0
2024-07-18,43.97,45.44,42.81,45.4,17072,76041464.0
2024-07-19,44.99,45.78,44.4,44.92,13752,62107940.0
2024-07-22,44.6,46.55,44.59,45.6,17467,79835001.0
2024-07-23,45.42,45.61,43.73,43.93,8809,39439663.0
2024-07-24,43.97,43.97,41.84,42.03,12565,53393739.0
2024-07-25,41.65,42.63,41.52,42.1,9979,41970153.0
2024-07-26,41.9,42.65,41.57,42.0,9853,41407937.0
2024-07-29,42.1,42.1,40.86,41.3,10926,45127783.0
2024-07-30,41.2,41.53,40.19,41.41,12661,51849936.0
2024-07-31,41.43,44.78,41.04,44.7,22751,98029661.0
2024-08-01,44.7,45.06,43.55,43.77,10798,47676353.0
2024-08-02,43.53,45.05,43.51,43.73,12114,53625764.0
2024-08-05,43.77,44.95,42.9,43.08,14139,61889343.0
2024-08-06,43.47,43.77,42.86,43.38,10329,44722671.0
2024-08-07,43.03,43.68,41.8,41.88,12767,54257346.0
2024-08-08,41.74,42.44,41.03,41.84,8320,34747732.0
2024-08-09,41.84,42.31,40.5,40.51,11201,46037501.0
2024-08-12,40.51,40.69,39.88,40.64,13854,55765771.0
2024-08-13,40.6,40.6,39.66,40.46,10065,40265845.0
2024-08-14,40.46,40.46,38.82,38.93,11415,44895961.0
2024-08-15,39.46,42.07,38.6,41.26,29091,118722692.0
2024-08-16,41.26,42.5,40.9,41.79,17033,71191756.0
2024-08-19,41.1,42.7,41.01,41.42,12248,51101737.0
2024-08-20,41.79,41.79,39.3,39.64,13540,54371454.0
2024-08-21,39.62,40.15,39.02,39.36,6120,24222366.0
2024-08-22,39.37,39.85,38.93,38.98,9068,35615327.0
2024-08-23,39.25,40.2,38.7,39.75,8754,34669075.0
2024-08-26,39.81,41.98,38.73,38.94,19952,79487337.0
2024-08-27,38.65,39.5,37.72,39.34,12243,47415204.0
2024-08-28,39.3,40.55,39.01,40.16,8176,32660233.0
2024-08-29,40.32,41.2,39.3,40.99,9468,38361818.0
2024-08-30,41.36,41.78,39.8,40.05,30012,121958593.0
2024-09-02,40.01,40.3,37.73,37.79,18998,73244791.0
2024-09-03,37.72,39.18,37.6,38.11,11526,44362780.0
2024-09-04,38.58,39.03,37.71,37.89,11873,45511414.0
2024-09-05,37.9,38.79,37.9,38.59,10967,42104290.0
2024-09-06,38.79,38.79,37.3,37.45,10290,38842740.0
2024-09-09,37.31,39.5,37.14,38.73,22516,86799467.0
2024-09-10,38.32,39.01,37.46,38.15,11976,45520842.0
2024-09-11,37.81,38.21,37.54,37.72,10989,41575178.0
2024-09-12,38.17,38.74,37.65,37.66,14873,56608678.0
2024-09-13,37.52,37.64,35.23,36.36,41256,148809900.0
2024-09-18,36.21,36.22,34.68,35.79,21784,77142383.0
2024-09-19,36.11,36.96,35.06,36.62,20780,75249800.0
2024-09-20,36.56,36.85,35.86,36.18,10157,36864276.0
2024-09-23,36.58,37.0,35.78,35.96,11950,43480375.0
2024-09-24,36.33,38.3,36.3,38.24,24648,92333213.0
2024-09-25,38.8,39.1,38.03,38.15,24753,95273012.0
2024-09-26,38.15,39.99,37.82,39.99,22061,85933582.0
2024-09-27,40.1,42.96,40.1,42.72,13297,55314610.0
2024-09-30,45.5,51.23,45.02,50.99,57493,275483956.0
2024-10-08,61.19,61.19,57.0,60.19,73435,439095091.0
2024-10-09,59.5,62.76,56.2,57.03,60090,359828995.0
2024-10-10,58.4,59.98,53.8,54.77,47272,267070870.0
2024-10-11,58.18,58.18,50.0,51.0,33883,177346830.0
2024-10-14,50.6,51.0,48.16,49.88,29702,147294507.0
2024-10-15,49.85,50.17,47.96,47.96,25039,122868554.0
2024-10-16,47.22,48.32,46.68,46.74,19740,93372842.0
2024-10-17,46.88,47.84,45.88,46.0,19607,91782337.0
2024-10-18,45.83,51.99,45.34,48.3,43890,211192244.0
2024-10-21,49.51,50.6,48.0,48.89,34954,172169607.0
2024-10-22,48.88,57.92,47.8,55.02,59053,306990597.0
2024-10-23,54.9,54.9,52.51,52.6,37651,200880845.0
2024-10-24,52.9,52.9,51.5,51.76,22694,117857827.0
2024-10-25,52.0,54.5,51.57,53.55,30044,159986003.0
2024-10-28,53.38,53.8,51.71,51.8,26508,138424730.0
2024-10-29,51.8,52.57,50.8,51.41,27416,141106722.0
2024-10-30,51.0,51.87,49.2,50.54,21234,107486536.0
2024-10-31,50.32,51.19,49.2,49.77,29175,145887995.0
2024-11-01,50.2,50.22,47.58,48.17,27242,132766820.0
2024-11-04,48.17,48.72,47.3,48.17,14318,68575632.0
2024-11-05,47.91,50.28,47.37,50.13,33975,166511416.0
2024-11-06,49.99,50.9,49.33,49.65,27558,137679821.0
2024-11-07,49.0,51.0,49.0,50.11,25515,127609283.0
2024-11-08,50.84,53.6,50.42,50.9,51949,267308220.0
2024-11-11,50.44,56.96,49.66,55.14,70988,380000149.0
2024-11-12,55.15,56.19,52.7,53.4,50975,277297317.0
2024-11-13,52.33,54.27,51.24,52.56,31994,168075831.0
2024-11-14,52.64,52.88,50.71,51.08,24652,127589041.0
2024-11-15,50.8,51.65,49.18,49.18,25454,127786786.0
2024-11-18,49.58,50.33,47.58,47.73,24371,118332294.0
2024-11-19,48.16,48.95,47.39,48.38,16719,80544944.0
2024-11-20,48.45,50.38,48.0,49.82,21726,107491815.0
2024-11-21,49.64,52.53,49.1,51.4,35335,180418593.0
2024-11-22,51.2,52.14,48.69,48.81,23516,118608443.0
2024-11-25,48.3,50.51,48.3,49.18,20140,99300320.0
2024-11-26,48.74,49.79,46.88,46.9,19534,94117282.0
2024-11-27,47.32,48.28,46.58,47.72,17517,83185953.0
2024-11-28,47.61,48.55,47.2,47.52,15772,75319674.0
2024-11-29,47.16,48.42,46.46,47.9,22491,106935188.0
2024-12-02,47.87,50.7,47.3,50.09,24136,118928285.0
2024-12-03,50.08,50.08,48.1,48.94,16981,82920350.0
2024-12-04,48.94,49.56,48.01,48.24,12587,61342060.0
2024-12-05,48.67,49.15,47.86,48.77,8521,41429850.0
2024-12-06,49.13,52.18,49.0,51.26,34573,176514131.0
2024-12-09,53.24,53.47,50.8,51.2,26156,136356003.0
2024-12-10,54.38,54.88,52.52,53.5,56864,306004140.0
2024-12-11,53.6,55.8,53.1,53.8,32616,177820357.0
2024-12-12,54.43,54.43,51.77,52.07,25908,135801336.0
2024-12-13,52.36,52.38,49.57,51.26,29431,149373123.0
2024-12-16,51.26,54.57,49.7,53.32,36682,192186162.0
2024-12-17,53.26,54.05,52.1,52.92,18259,96543067.0
2024-12-18,52.92,55.48,52.58,54.2,25784,139619524.0
2024-12-19,52.78,54.83,52.78,54.2,18787,101491794.0
2024-12-20,54.42,54.42,52.09,52.98,20210,106984286.0
2024-12-23,52.98,53.68,51.51,52.0,17857,93137106.0
2024-12-24,51.71,52.24,50.65,51.7,14777,76176388.0
2024-12-25,52.17,52.33,47.91,48.3,37677,184921829.0
2024-12-26,48.23,48.77,47.74,48.3,16285,78620795.0
2024-12-27,48.07,48.49,47.12,47.78,21762,104200962.0
2024-12-30,47.78,49.93,47.0,48.44,22810,111257935.0
2024-12-31,48.53,48.6,46.79,46.79,18254,86554548.0
2025-01-02,47.21,47.21,45.21,45.66,17365,79981279.0
2025-01-03,45.32,47.41,45.32,45.79,19100,88523511.0
2025-01-06,46.15,47.14,44.7,46.87,16636,76305473.0
2025-01-07,46.5,47.08,44.8,45.55,16482,75079433.0
2025-01-08,45.78,45.94,43.31,44.22,27062,119936127.0
2025-01-09,43.82,44.41,43.5,44.09,9965,43771232.0
2025-01-10,44.09,44.39,42.42,42.42,20534,88586839.0
2025-01-13,42.78,43.36,42.04,42.64,10042,42896303.0
2025-01-14,42.64,44.44,42.42,44.23,15622,68231554.0
2025-01-15,44.25,44.62,42.5,42.87,14638,63298684.0
2025-01-16,43.05,43.6,42.03,42.3,21372,91177489.0
2025-01-17,41.94,42.11,38.2,40.5,60546,240204159.0
2025-01-20,40.49,42.47,40.4,41.66,26238,109160114.0
2025-01-21,41.61,41.83,40.2,41.0,17819,72632871.0
2025-01-22,40.99,40.99,39.41,39.79,21177,84299121.0
2025-01-23,40.0,40.5,39.04,39.5,22661,90140656.0
2025-01-24,39.3,41.05,39.12,40.29,20807,83531042.0
2025-01-27,40.28,41.07,39.53,39.96,15183,61059317.0
2025-02-05,43.0,46.08,42.57,45.7,63627,286462593.0
2025-02-06,45.65,48.18,44.78,47.65,59366,276686717.0
2025-02-07,47.65,56.94,47.22,55.0,102155,540539755.0
2025-02-10,55.95,66.0,55.5,66.0,94733,579123410.0
2025-02-11,66.0,66.99,61.2,62.87,103449,660218721.0
2025-02-12,63.0,69.8,61.98,63.83,106109,688570926.0
2025-02-13,63.63,68.58,63.63,66.68,77632,515797570.0
2025-02-14,66.5,75.0,66.25,70.03,100005,718054310.0
2025-02-17,70.11,77.77,69.77,71.18,106847,778678372.0
2025-02-18,70.0,70.88,65.18,66.02,82951,553755844.0
2025-02-19,65.78,70.94,65.31,69.95,94092,645075568.0
2025-02-20,69.95,72.88,69.0,69.71,64719,458970651.0
2025-02-21,69.08,73.18,68.49,72.9,84639,599822610.0
2025-02-24,74.5,76.59,69.53,72.89,88886,651932772.0
2025-02-25,69.8,80.0,69.78,77.48,77832,586401602.0
2025-02-26,76.99,77.05,73.34,74.96,59815,449280393.0
2025-02-27,74.96,79.33,74.74,78.29,61296,477148624.0
2025-02-28,80.96,87.0,80.81,81.9,83095,692363297.0
2025-03-03,81.0,86.88,80.17,81.06,60223,502139352.0
2025-03-04,79.51,97.27,79.47,97.27,98776,889227569.0
2025-03-05,97.27,100.99,92.08,96.5,96665,930938431.0
2025-03-06,95.0,99.82,94.03,97.86,75287,731193611.0
2025-03-07,99.21,106.66,91.56,93.1,102086,999447981.0
2025-03-10,96.1,97.77,90.6,91.62,68216,631781311.0
2025-03-11,91.8,94.26,90.71,93.0,50029,462165648.0
2025-03-12,93.04,95.5,90.2,90.33,53086,490876455.0
2025-03-13,89.69,90.8,87.88,89.66,48816,433421129.0
2025-03-14,89.82,90.5,88.45,89.61,43048,384263992.0
2025-03-17,90.42,93.14,89.2,92.24,49289,450943963.0
2025-03-18,92.18,95.5,90.97,91.16,36806,342058918.0
2025-03-19,90.75,97.55,90.13,93.38,57468,541268597.0
2025-03-20,92.76,93.93,83.4,83.76,114260,989810315.0
2025-03-21,83.6,84.19,80.53,81.79,71102,582631997.0
2025-03-24,82.48,82.5,78.03,79.05,47772,379545723.0
2025-03-25,79.7,84.3,78.92,80.18,52012,424201328.0
2025-03-26,80.56,81.27,78.8,79.26,22912,182476384.0
2025-03-27,79.67,80.66,77.77,79.63,25666,204328602.0
2025-03-28,79.35,81.72,78.92,80.01,36995,297147739.0
2025-03-31,80.0,80.0,76.61,78.25,48102,373864106.0
2025-04-01,78.8,81.96,78.37,78.82,47317,378860902.0
2025-04-02,78.22,80.34,77.8,80.07,34723,276006666.0
2025-04-03,79.0,80.7,77.2,77.8,34815,272357506.0
2025-04-07,72.0,82.84,71.8,76.09,87338,675247270.0
2025-04-08,78.11,80.49,73.63,75.6,70676,543751745.0
2025-04-09,74.51,83.24,73.5,78.6,79047,625387882.0
2025-04-10,79.8,82.9,78.65,79.6,57331,461721638.0
2025-04-11,79.05,83.9,78.87,82.37,52706,428317692.0
2025-04-14,81.58,82.49,78.6,79.5,52410,420630940.0
2025-04-15,78.75,79.48,74.3,76.25,51303,389167894.0
2025-04-16,74.93,77.76,74.68,75.86,26898,204453946.0
2025-04-17,75.01,78.44,75.01,75.99,32556,248935463.0
2025-04-18,75.61,77.38,74.61,75.75,16959,128385585.0
2025-04-21,75.8,76.2,74.1,75.92,22504,169580748.0
2025-04-22,75.58,81.61,74.66,79.3,54513,430467658.0
2025-04-23,79.56,80.13,77.8,78.84,24651,194093649.0
2025-04-24,78.84,78.84,72.18,73.51,61881,460034148.0
2025-04-25,73.54,75.18,72.84,73.25,22231,164150818.0
2025-04-28,72.2,74.33,70.08,73.16,33503,240840501.0
2025-04-29,72.9,76.38,72.5,74.9,34455,256985366.0
2025-04-30,73.5,80.42,73.5,79.75,47778,374768169.0
2025-05-06,80.47,82.98,78.74,81.02,35527,287592132.0
2025-05-07,81.45,81.91,78.44,79.01,25583,204655519.0
2025-05-08,78.73,81.8,78.73,79.77,28698,231172918.0
2025-05-09,79.64,80.47,76.69,76.92,22150,172627221.0
2025-05-12,77.45,79.09,75.57,76.45,23953,184814330.0
2025-05-13,77.0,84.4,76.0,81.72,55578,449490906.0
2025-05-14,83.4,86.5,82.16,82.27,54045,455636403.0
2025-05-15,82.22,82.9,78.14,79.5,30935,246372660.0
2025-05-16,79.0,80.18,78.0,78.4,19884,156672854.0
2025-05-19,78.27,78.27,73.66,75.35,37823,284101919.0
2025-05-20,76.12,76.12,73.9,74.31,22371,166870559.0
2025-05-21,73.57,74.87,73.48,73.93,16707,123809892.0
2025-05-22,73.94,74.44,71.9,72.45,25351,184249004.0
2025-05-23,72.77,75.08,72.46,73.59,28518,210655189.0
2025-05-26,73.98,74.0,72.3,73.59,12533,91863239.0
2025-05-27,73.6,73.96,71.8,72.68,17019,123799743.0
2025-05-28,72.7,72.7,71.26,71.29,10849,77974328.0
2025-05-29,71.87,72.76,69.8,71.49,32519,231419527.0
2025-05-30,70.88,71.5,70.21,70.52,19863,140435910.0
2025-06-03,70.03,71.55,69.51,70.5,18486,130557383.0
2025-06-04,70.01,70.99,69.2,69.8,26607,185665511.0
2025-06-05,69.8,70.87,68.5,70.28,20274,141983806.0
2025-06-06,70.36,70.78,69.65,70.08,12822,90091357.0
2025-06-09,70.0,72.7,69.02,69.36,39052,275523362.0
2025-06-10,69.12,70.57,68.1,68.32,30641,211439246.0
2025-06-11,68.59,72.3,68.59,69.77,36349,257412028.0
2025-06-12,69.51,70.31,67.98,68.25,26613,182730172.0
2025-06-13,68.26,68.4,66.05,68.31,33372,224750342.0
2025-06-16,67.86,68.24,65.1,65.93,53315,352363042.0
2025-06-17,66.44,66.63,65.01,65.63,28494,187770194.0
2025-06-18,65.9,65.96,63.78,65.1,32065,207223295.0
2025-06-19,65.0,66.16,62.78,63.0,47825,307114267.0
2025-06-20,63.45,63.8,62.45,62.75,27139,171024833.0
2025-06-23,63.01,64.74,62.1,63.42,32259,205819831.0
2025-06-24,63.15,64.9,63.13,63.79,33894,216961160.0
2025-06-25,63.86,65.22,63.5,64.88,37134,239242684.0
